Country,Region,Income Group,Date,Latitude,Longitude,Estimated Population,Gdp Per Capita,Total Tests,Test Kind,Confirmed,Recovered,Deaths,Infected,Closed,Active,Diff Confirmed,Diff Infected,Diff Recovered,Diff Deaths,Diff Closed,Diff Active,Diff2 Infected,Diff2 Recovered,Diff2 Deaths,Diff2 Closed,Diff2 Active,Diff3 Infected,Diff4 Infected,Diff5 Infected,Î¼ closed,Infected Per 1Mi,Deaths Per 1Mi,Recovered Per 1Mi,Closed Per 1Mi,Active Per 1Mi,Tests Per Confirmed,Tests Per 1Mi
Afghanistan,South Asia,Low income,2020-02-20,33.94,67.71,39271946,,,,0,0,0,0,0,0,0.0,0.0,0.0,0.0,0.0,0.0,0.0286,0.0,0.0,0.0,0.0286,0.0057,-0.0023,-0.0009,,0.0,0.0,0.0,0.0,0.0,,
Albania,Europe & Central Asia,Upper middle income,2020-02-20,41.15,20.17,2842338,5353,,,0,0,0,0,0,0,0.0,0.0,0.0,0.0,0.0,0.0,0.0,0.0,0.0,0.0,0.0,0.0,0.0,0.0,,0.0,0.0,0.0,0.0,0.0,,
Algeria,Middle East & North Africa,Lower middle income,2020-02-20,28.03,1.66,43800627,3948,,,0,0,0,0,0,0,0.0,0.0,0.0,0.0,0.0,0.0,0.0286,0.0,0.0,0.0,0.0286,0.0057,0.0011,-0.0002,,0.0,0.0,0.0,0.0,0.0,,
Andorra,Europe & Central Asia,High income,2020-02-20,42.51,1.52,77816,40886,,,0,0,0,0,0,0,0.0,0.0,0.0,0.0,0.0,0.0,0.0,0.0,0.0,0.0,0.0,0.0,0.0,0.0002,,0.0,0.0,0.0,0.0,0.0,,
Angola,Sub-Saharan Africa,Lower middle income,2020-02-20,-11.2027,17.87,32955878,2974,,,0,0,0,0,0,0,0.0,0.0,0.0,0.0,0.0,0.0,0.0,0.0,0.0,0.0,0.0,0.0,0.0,0.0,,0.0,0.0,0.0,0.0,0.0,,
Antigua and Barbuda,Latin America & Caribbean,High income,2020-02-20,17.06,-61.7964,98378,17790,,,0,0,0,0,0,0,0.0,0.0,0.0,0.0,0.0,0.0,0.0,0.0,0.0,0.0,0.0,0.0,0.0,0.0,,0.0,0.0,0.0,0.0,0.0,,
Argentina,Latin America & Caribbean,Upper middle income,2020-02-20,-38.4161,-63.6167,45409183,10006,4,people tested,0,0,0,0,0,0,0.0,0.0,0.0,0.0,0.0,0.0,0.0,0.0,0.0,0.0,0.0,0.0,0.0,0.0,,0.0,0.0,0.0,0.0,0.0,Inf,0.0881
Armenia,Europe & Central Asia,Upper middle income,2020-02-20,40.07,45.04,2951958,4623,,,0,0,0,0,0,0,0.0,0.0,0.0,0.0,0.0,0.0,0.0,0.0,0.0,0.0,0.0,0.0,0.0,0.0002,,0.0,0.0,0.0,0.0,0.0,,
Australia,East Asia & Pacific,High income,2020-02-20,-32.1063,141.36,25742062,54907,,,15,13,0,15,13,2,0.0,0.0,0.143,0.0,0.143,-0.1429,0.0,0.0,0.0,0.0,0.0,0.0,0.0114,0.0039,0.0,0.583,0.0,0.505,0.505,0.0777,,
Austria,Europe & Central Asia,High income,2020-02-20,47.52,14.55,8925126,50277,,,0,0,0,0,0,0,0.0,0.0,0.0,0.0,0.0,0.0,0.0571,0.0,0.0,0.0,0.0571,0.0171,0.0103,0.0023,,0.0,0.0,0.0,0.0,0.0,,
Azerbaijan,Europe & Central Asia,Upper middle income,2020-02-20,40.14,47.58,10139740,4794,,,0,0,0,0,0,0,0.0,0.0,0.0,0.0,0.0,0.0,0.0,0.0,0.0,0.0,0.0,0.0,0.0,0.0007,,0.0,0.0,0.0,0.0,0.0,,
Bahamas,Latin America & Caribbean,High income,2020-02-20,25.03,-78.0359,395005,32933,,,0,0,0,0,0,0,0.0,0.0,0.0,0.0,0.0,0.0,0.0,0.0,0.0,0.0,0.0,0.0,0.0,0.0,,0.0,0.0,0.0,0.0,0.0,,
Bahrain,Middle East & North Africa,High income,2020-02-20,26.03,50.55,1721141,23504,,,0,0,0,0,0,0,0.0,0.0,0.0,0.0,0.0,0.0,0.657,0.0,0.0,0.0,0.657,0.189,0.0434,-0.0192,,0.0,0.0,0.0,0.0,0.0,,
Bangladesh,South Asia,Lower middle income,2020-02-20,23.68,90.36,165159428,1856,,,0,0,0,0,0,0,0.0,0.0,0.0,0.0,0.0,0.0,0.0,0.0,0.0,0.0,0.0,0.0,0.0,0.0,,0.0,0.0,0.0,0.0,0.0,,
Barbados,Latin America & Caribbean,High income,2020-02-20,13.19,-59.5432,287865,18148,,,0,0,0,0,0,0,0.0,0.0,0.0,0.0,0.0,0.0,0.0,0.0,0.0,0.0,0.0,0.0,0.0,0.0,,0.0,0.0,0.0,0.0,0.0,,
Belarus,Europe & Central Asia,Upper middle income,2020-02-20,53.71,27.95,9440611,6663,,,0,0,0,0,0,0,0.0,0.0,0.0,0.0,0.0,0.0,0.0,0.0,0.0,0.0,0.0,0.0,0.0011,0.0002,,0.0,0.0,0.0,0.0,0.0,,
Belgium,Europe & Central Asia,High income,2020-02-20,50.83,4.47,11552899,46117,,,1,1,0,1,1,0,0.0,0.0,0.0,0.0,0.0,0.0,0.0,0.0,0.0,0.0,0.0,0.0,0.0,0.0016,0.0,0.0866,0.0,0.0866,0.0866,0.0,,
Belize,Latin America & Caribbean,Upper middle income,2020-02-20,17.19,-88.4976,399843,4815,,,0,0,0,0,0,0,0.0,0.0,0.0,0.0,0.0,0.0,0.0,0.0,0.0,0.0,0.0,0.0,0.0,0.0,,0.0,0.0,0.0,0.0,0.0,,
Benin,Sub-Saharan Africa,Lower middle income,2020-02-20,9.31,2.32,12142401,1219,,,0,0,0,0,0,0,0.0,0.0,0.0,0.0,0.0,0.0,0.0,0.0,0.0,0.0,0.0,0.0,0.0,0.0,,0.0,0.0,0.0,0.0,0.0,,
Bhutan,South Asia,Lower middle income,2020-02-20,27.51,90.43,773424,718,,,0,0,0,0,0,0,0.0,0.0,0.0,0.0,0.0,0.0,0.0,0.0,0.0,0.0,0.0,0.0,0.0,0.0,,0.0,0.0,0.0,0.0,0.0,,
Bolivia,Latin America & Caribbean,Lower middle income,2020-02-20,-16.2902,-63.5887,11704384,3552,,,0,0,0,0,0,0,0.0,0.0,0.0,0.0,0.0,0.0,0.0,0.0,0.0,0.0,0.0,0.0,0.0,0.0,,0.0,0.0,0.0,0.0,0.0,,
Bosnia and Herzegovina,Europe & Central Asia,Upper middle income,2020-02-20,43.92,17.68,3278863,6073,,,0,0,0,0,0,0,0.0,0.0,0.0,0.0,0.0,0.0,0.0,0.0,0.0,0.0,0.0,0.0,0.0,0.0,,0.0,0.0,0.0,0.0,0.0,,
Botswana,Sub-Saharan Africa,Upper middle income,2020-02-20,-22.3285,24.68,2345019,7961,,,0,0,0,0,0,0,0.0,0.0,0.0,0.0,0.0,0.0,0.0,0.0,0.0,0.0,0.0,0.0,0.0,0.0,,0.0,0.0,0.0,0.0,0.0,,
Brazil,Latin America & Caribbean,Upper middle income,2020-02-20,-14.235,-51.9253,213153845,8717,,,0,0,0,0,0,0,0.0,0.0,0.0,0.0,0.0,0.0,0.0,0.0,0.0,0.0,0.0,0.0057,0.0023,-0.0005,,0.0,0.0,0.0,0.0,0.0,,
Brunei,East Asia & Pacific,High income,2020-02-20,4.54,114.73,439319,31087,,,0,0,0,0,0,0,0.0,0.0,0.0,0.0,0.0,0.0,0.0,0.0,0.0,0.0,0.0,0.0,0.0,0.0,,0.0,0.0,0.0,0.0,0.0,,
Bulgaria,Europe & Central Asia,Upper middle income,2020-02-20,42.73,25.49,6917975,9738,,,0,0,0,0,0,0,0.0,0.0,0.0,0.0,0.0,0.0,0.0,0.0,0.0,0.0,0.0,0.0,0.0,0.0,,0.0,0.0,0.0,0.0,0.0,,
Burkina Faso,Sub-Saharan Africa,Low income,2020-02-20,12.24,-1.5616,20929220,775,,,0,0,0,0,0,0,0.0,0.0,0.0,0.0,0.0,0.0,0.0,0.0,0.0,0.0,0.0,0.0,0.0,0.0,,0.0,0.0,0.0,0.0,0.0,,
Burundi,Sub-Saharan Africa,Low income,2020-02-20,-3.3731,29.92,11895511,261,,,0,0,0,0,0,0,0.0,0.0,0.0,0.0,0.0,0.0,0.0,0.0,0.0,0.0,0.0,0.0,0.0,0.0,,0.0,0.0,0.0,0.0,0.0,,
Cabo Verde,Sub-Saharan Africa,Lower middle income,2020-02-20,16.54,-23.0418,557226,3604,,,0,0,0,0,0,0,0.0,0.0,0.0,0.0,0.0,0.0,0.0,0.0,0.0,0.0,0.0,0.0,0.0,0.0,,0.0,0.0,0.0,0.0,0.0,,
Cambodia,East Asia & Pacific,Lower middle income,2020-02-20,11.55,104.92,16753140,1643,,,1,1,0,1,1,0,0.0,0.0,0.0,0.0,0.0,0.0,0.0,0.0,0.0,0.0,0.0,0.0,0.0,0.0,0.0,0.0597,0.0,0.0597,0.0597,0.0,,
Cameroon,Sub-Saharan Africa,Lower middle income,2020-02-20,3.85,11.5,26582589,1498,,,0,0,0,0,0,0,0.0,0.0,0.0,0.0,0.0,0.0,0.0,0.0,0.0,0.0,0.0,0.0,0.0,0.0,,0.0,0.0,0.0,0.0,0.0,,
Central African Republic,Sub-Saharan Africa,Low income,2020-02-20,6.61,20.94,4811839,468,,,0,0,0,0,0,0,0.0,0.0,0.0,0.0,0.0,0.0,0.0,0.0,0.0,0.0,0.0,0.0,0.0,0.0,,0.0,0.0,0.0,0.0,0.0,,
Chad,Sub-Saharan Africa,Low income,2020-02-20,15.45,18.73,16498674,710,,,0,0,0,0,0,0,0.0,0.0,0.0,0.0,0.0,0.0,0.0,0.0,0.0,0.0,0.0,0.0,0.0,0.0,,0.0,0.0,0.0,0.0,0.0,,
Chile,Latin America & Caribbean,High income,2020-02-20,-35.6751,-71.543,19163975,14896,,,0,0,0,0,0,0,0.286,0.286,0.0,0.0,0.0,0.286,0.0571,0.0,0.0,0.0,0.0571,0.0114,-0.0046,-0.0002,,0.0,0.0,0.0,0.0,0.0,,
China,East Asia & Pacific,Upper middle income,2020-02-20,32.51,111.55,1405211337,10262,,,73505,43371,2214,73505,45585,27920,922.57,922.57,2648.57,95.71,2744.29,-1821.7143,-329.1429,-142.6857,-5.6571,-148.3429,-180.8,93.18,51.65,-13.2958,0.0486,52.31,1.58,30.86,32.44,19.87,,
Colombia,Latin America & Caribbean,Upper middle income,2020-02-20,4.57,-74.2973,50977205,6432,,,0,0,0,0,0,0,0.0,0.0,0.0,0.0,0.0,0.0,0.0,0.0,0.0,0.0,0.0,0.0,0.0,0.0,,0.0,0.0,0.0,0.0,0.0,,
Comoros,Sub-Saharan Africa,Lower middle income,2020-02-20,-11.6455,43.33,871295,1394,,,0,0,0,0,0,0,0.0,0.0,0.0,0.0,0.0,0.0,0.0,0.0,0.0,0.0,0.0,0.0,0.0,0.0,,0.0,0.0,0.0,0.0,0.0,,
Congo-Brazzaville,Sub-Saharan Africa,Lower middle income,2020-02-20,-0.228,15.83,5536372,2011,,,0,0,0,0,0,0,0.0,0.0,0.0,0.0,0.0,0.0,0.0,0.0,0.0,0.0,0.0,0.0,0.0,0.0,,0.0,0.0,0.0,0.0,0.0,,
Congo-Kinshasa,Sub-Saharan Africa,Low income,2020-02-20,-4.0383,21.76,89627408,545,,,0,0,0,0,0,0,0.0,0.0,0.0,0.0,0.0,0.0,0.0,0.0,0.0,0.0,0.0,0.0,0.0,0.0,,0.0,0.0,0.0,0.0,0.0,,
Costa Rica,Latin America & Caribbean,Upper middle income,2020-02-20,9.75,-83.7534,5112279,12238,,,0,0,0,0,0,0,0.0,0.0,0.0,0.0,0.0,0.0,0.0,0.0,0.0,0.0,0.0,0.0,0.0,0.0,,0.0,0.0,0.0,0.0,0.0,,
Cote d'Ivoire,Sub-Saharan Africa,Lower middle income,2020-02-20,7.54,-5.5471,26328075,2286,,,0,0,0,0,0,0,0.0,0.0,0.0,0.0,0.0,0.0,0.0,0.0,0.0,0.0,0.0,0.0,0.0,0.0,,0.0,0.0,0.0,0.0,0.0,,
Croatia,Europe & Central Asia,High income,2020-02-20,45.1,15.2,4047431,14853,,,0,0,0,0,0,0,0.0,0.0,0.0,0.0,0.0,0.0,0.0286,0.0,0.0,0.0,0.0286,0.0171,0.0069,-0.0011,,0.0,0.0,0.0,0.0,0.0,,
Cuba,Latin America & Caribbean,Upper middle income,2020-02-20,21.52,-77.7812,11344487,2747,,,0,0,0,0,0,0,0.0,0.0,0.0,0.0,0.0,0.0,0.0,0.0,0.0,0.0,0.0,0.0,0.0,0.0,,0.0,0.0,0.0,0.0,0.0,,
Cyprus,Europe & Central Asia,High income,2020-02-20,35.13,33.43,1213780,27858,,,0,0,0,0,0,0,0.0,0.0,0.0,0.0,0.0,0.0,0.0,0.0,0.0,0.0,0.0,0.0,0.0,0.0,,0.0,0.0,0.0,0.0,0.0,,
Czech Republic,Europe & Central Asia,High income,2020-02-20,49.82,15.47,10691991,23102,,samples tested,0,0,0,0,0,0,0.0,0.0,0.0,0.0,0.0,0.0,0.0,0.0,0.0,0.0,0.0,0.0,0.0,0.0007,,0.0,0.0,0.0,0.0,0.0,,
Denmark,Europe & Central Asia,High income,2020-02-20,63.29,-13.3381,5844918,59822,19,samples tested,0,0,0,0,0,0,0.0,0.0,0.0,0.0,0.0,0.0,0.0,0.0,0.0,0.0,0.0,0.0057,0.0034,0.0009,,0.0,0.0,0.0,0.0,0.0,Inf,3.25
Diamond Princess,,,2020-02-20,0.0,0.0,,,,,634,222,2,634,224,410,48.0,48.0,32.71,0.429,33.14,14.86,-8.8571,1.86,0.0286,1.89,-10.7429,-1.76,0.618,0.262,0.0089,,,,,,,
Djibouti,Middle East & North Africa,Lower middle income,2020-02-20,11.83,42.59,989318,3409,,,0,0,0,0,0,0,0.0,0.0,0.0,0.0,0.0,0.0,0.0,0.0,0.0,0.0,0.0,0.0,0.0,0.0,,0.0,0.0,0.0,0.0,0.0,,
Dominica,Latin America & Caribbean,Upper middle income,2020-02-20,15.42,-61.371,71923,8300,,,0,0,0,0,0,0,0.0,0.0,0.0,0.0,0.0,0.0,0.0,0.0,0.0,0.0,0.0,0.0,0.0,0.0,,0.0,0.0,0.0,0.0,0.0,,
Dominican Republic,Latin America & Caribbean,Upper middle income,2020-02-20,18.74,-70.1627,10873861,8282,,,0,0,0,0,0,0,0.0,0.0,0.0,0.0,0.0,0.0,0.0,0.0,0.0,0.0,0.0,0.0,0.0,0.0002,,0.0,0.0,0.0,0.0,0.0,,
Ecuador,Latin America & Caribbean,Upper middle income,2020-02-20,-1.8312,-78.1834,17663952,6184,,,0,0,0,0,0,0,0.0,0.0,0.0,0.0,0.0,0.0,0.0,0.0,0.0,0.0,0.0,0.0,0.0,0.0014,,0.0,0.0,0.0,0.0,0.0,,
Egypt,Middle East & North Africa,Lower middle income,2020-02-20,26.82,30.8,102401930,3020,,,1,0,0,1,0,1,0.0,0.0,0.143,0.0,0.143,-0.1429,-0.0286,0.0286,0.0,0.0286,-0.0571,0.0057,0.0023,-0.0007,,0.0098,0.0,0.0,0.0,0.0098,,
El Salvador,Latin America & Caribbean,Lower middle income,2020-02-20,13.79,-88.8965,6484784,4187,,,0,0,0,0,0,0,0.0,0.0,0.0,0.0,0.0,0.0,0.0,0.0,0.0,0.0,0.0,0.0,0.0,0.0,,0.0,0.0,0.0,0.0,0.0,,
Equatorial Guinea,Sub-Saharan Africa,Upper middle income,2020-02-20,1.65,10.27,1414679,8132,,,0,0,0,0,0,0,0.0,0.0,0.0,0.0,0.0,0.0,0.0,0.0,0.0,0.0,0.0,0.0,0.0,0.0,,0.0,0.0,0.0,0.0,0.0,,
Eritrea,Sub-Saharan Africa,Low income,2020-02-20,15.18,39.78,3271641,308,,,0,0,0,0,0,0,0.0,0.0,0.0,0.0,0.0,0.0,0.0,0.0,0.0,0.0,0.0,0.0,0.0,0.0,,0.0,0.0,0.0,0.0,0.0,,
Estonia,Europe & Central Asia,High income,2020-02-20,58.6,25.01,1322985,23660,,,0,0,0,0,0,0,0.0,0.0,0.0,0.0,0.0,0.0,0.0,0.0,0.0,0.0,0.0,0.0057,0.0011,0.0002,,0.0,0.0,0.0,0.0,0.0,,
Eswatini,Sub-Saharan Africa,Lower middle income,2020-02-20,-26.5225,31.47,1156178,3837,,,0,0,0,0,0,0,0.0,0.0,0.0,0.0,0.0,0.0,0.0,0.0,0.0,0.0,0.0,0.0,0.0,0.0,,0.0,0.0,0.0,0.0,0.0,,
Ethiopia,Sub-Saharan Africa,Low income,2020-02-20,9.14,40.49,115225778,858,,,0,0,0,0,0,0,0.0,0.0,0.0,0.0,0.0,0.0,0.0,0.0,0.0,0.0,0.0,0.0,0.0,0.0,,0.0,0.0,0.0,0.0,0.0,,
Fiji,East Asia & Pacific,Upper middle income,2020-02-20,-17.7134,178.06,894315,6220,10,samples tested,0,0,0,0,0,0,0.0,0.0,0.0,0.0,0.0,0.0,0.0,0.0,0.0,0.0,0.0,0.0,0.0,0.0,,0.0,0.0,0.0,0.0,0.0,Inf,11.18
Finland,Europe & Central Asia,High income,2020-02-20,61.92,25.75,5539046,48686,73,samples tested,1,1,0,1,1,0,0.0,0.0,0.0,0.0,0.0,0.0,0.0,0.0,0.0,0.0,0.0,0.0057,0.0023,0.0002,0.0,0.181,0.0,0.181,0.181,0.0,73.0,13.18
France,Europe & Central Asia,High income,2020-02-20,8.31,5.46,67400097,40494,,,12,8,1,12,9,3,0.0,0.0,0.286,0.0,0.286,-0.2857,0.0286,0.0,-0.0286,-0.0286,0.0571,0.154,0.0983,0.037,0.111,0.178,0.0148,0.119,0.134,0.0445,,
Gabon,Sub-Saharan Africa,Upper middle income,2020-02-20,-0.8037,11.61,2238772,7667,,,0,0,0,0,0,0,0.0,0.0,0.0,0.0,0.0,0.0,0.0,0.0,0.0,0.0,0.0,0.0,0.0,0.0,,0.0,0.0,0.0,0.0,0.0,,
Gambia,Sub-Saharan Africa,Low income,2020-02-20,13.44,-15.3101,2420166,751,,,0,0,0,0,0,0,0.0,0.0,0.0,0.0,0.0,0.0,0.0,0.0,0.0,0.0,0.0,0.0,0.0,0.0,,0.0,0.0,0.0,0.0,0.0,,
Georgia,Europe & Central Asia,Upper middle income,2020-02-20,42.32,43.36,3702495,4769,,,0,0,0,0,0,0,0.0,0.0,0.0,0.0,0.0,0.0,0.0,0.0,0.0,0.0,0.0,0.0057,0.0011,-0.0002,,0.0,0.0,0.0,0.0,0.0,,
Germany,Europe & Central Asia,High income,2020-02-20,51.17,10.45,83181573,46259,,,16,13,0,16,13,3,0.0,0.0,0.429,0.0,0.429,-0.4286,0.0286,-0.0286,0.0,-0.0286,0.0571,0.183,0.0686,0.0217,0.0,0.192,0.0,0.156,0.156,0.0361,,
Ghana,Sub-Saharan Africa,Lower middle income,2020-02-20,7.95,-1.0232,31156750,2202,,,0,0,0,0,0,0,0.0,0.0,0.0,0.0,0.0,0.0,0.0,0.0,0.0,0.0,0.0,0.0,0.0,0.0,,0.0,0.0,0.0,0.0,0.0,,
Greece,Europe & Central Asia,High income,2020-02-20,39.07,21.82,10711633,19583,,,0,0,0,0,0,0,0.0,0.0,0.0,0.0,0.0,0.0,0.0,0.0,0.0,0.0,0.0,0.0171,0.0046,0.0007,,0.0,0.0,0.0,0.0,0.0,,
Grenada,Latin America & Caribbean,Upper middle income,2020-02-20,12.12,-61.679,112508,10966,,,0,0,0,0,0,0,0.0,0.0,0.0,0.0,0.0,0.0,0.0,0.0,0.0,0.0,0.0,0.0,0.0,0.0,,0.0,0.0,0.0,0.0,0.0,,
Guatemala,Latin America & Caribbean,Upper middle income,2020-02-20,15.78,-90.2308,16921203,4620,,,0,0,0,0,0,0,0.0,0.0,0.0,0.0,0.0,0.0,0.0,0.0,0.0,0.0,0.0,0.0,0.0,0.0,,0.0,0.0,0.0,0.0,0.0,,
Guinea,Sub-Saharan Africa,Low income,2020-02-20,9.95,-9.6966,13069150,1064,,,0,0,0,0,0,0,0.0,0.0,0.0,0.0,0.0,0.0,0.0,0.0,0.0,0.0,0.0,0.0,0.0,0.0,,0.0,0.0,0.0,0.0,0.0,,
Guinea-Bissau,Sub-Saharan Africa,Low income,2020-02-20,11.8,-15.1804,1968970,698,,,0,0,0,0,0,0,0.0,0.0,0.0,0.0,0.0,0.0,0.0,0.0,0.0,0.0,0.0,0.0,0.0,0.0,,0.0,0.0,0.0,0.0,0.0,,
Guyana,Latin America & Caribbean,Upper middle income,2020-02-20,4.86,-58.9302,784711,5468,,,0,0,0,0,0,0,0.0,0.0,0.0,0.0,0.0,0.0,0.0,0.0,0.0,0.0,0.0,0.0,0.0,0.0,,0.0,0.0,0.0,0.0,0.0,,
Haiti,Latin America & Caribbean,Low income,2020-02-20,18.97,-72.2852,11433736,755,,,0,0,0,0,0,0,0.0,0.0,0.0,0.0,0.0,0.0,0.0,0.0,0.0,0.0,0.0,0.0,0.0,0.0,,0.0,0.0,0.0,0.0,0.0,,
Holy See,,,2020-02-20,41.9,12.45,,,,,0,0,0,0,0,0,0.0,0.0,0.0,0.0,0.0,0.0,0.0,0.0,0.0,0.0,0.0,0.0,0.0,0.0,,,,,,,,
Honduras,Latin America & Caribbean,Lower middle income,2020-02-20,15.2,-86.2419,9950157,2575,,,0,0,0,0,0,0,0.0,0.0,0.0,0.0,0.0,0.0,0.0,0.0,0.0,0.0,0.0,0.0,0.0,0.0,,0.0,0.0,0.0,0.0,0.0,,
Hungary,Europe & Central Asia,High income,2020-02-20,47.16,19.5,9747272,16476,,,0,0,0,0,0,0,0.0,0.0,0.0,0.0,0.0,0.0,0.0,0.0,0.0,0.0,0.0,0.0,0.0,0.0,,0.0,0.0,0.0,0.0,0.0,,
Iceland,Europe & Central Asia,High income,2020-02-20,64.96,-19.0208,366111,66945,,,0,0,0,0,0,0,0.0,0.0,0.0,0.0,0.0,0.0,0.0,0.0,0.0,0.0,0.0,0.0,0.0011,0.0014,,0.0,0.0,0.0,0.0,0.0,,
India,South Asia,Lower middle income,2020-02-20,20.59,78.96,1385037543,2104,,,3,2,0,3,2,1,0.0,0.0,0.143,0.0,0.143,-0.1429,0.0,0.0286,0.0,0.0286,-0.0286,0.0,0.0,0.0005,0.0,0.0022,0.0,0.0014,0.0014,0.0007,,
Indonesia,East Asia & Pacific,Upper middle income,2020-02-20,-0.7893,113.92,274158671,4136,,,0,0,0,0,0,0,0.0,0.0,0.0,0.0,0.0,0.0,0.0,0.0,0.0,0.0,0.0,0.0,0.0,0.0005,,0.0,0.0,0.0,0.0,0.0,,
Iran,Middle East & North Africa,Upper middle income,2020-02-20,32.43,53.69,83940798,1670,,,5,-2,2,5,0,5,6.14,6.14,-0.4286,1.14,0.714,5.43,2.57,-0.0286,0.4,0.371,2.2,1.05,0.443,0.229,Inf,0.0596,0.0238,-0.0238,0.0,0.0596,,
Iraq,Middle East & North Africa,Upper middle income,2020-02-20,33.22,43.68,40388955,,,,0,0,0,0,0,0,0.0,0.0,0.0,0.0,0.0,0.0,0.0286,0.0,0.0,0.0,0.0286,0.04,0.0114,0.0011,,0.0,0.0,0.0,0.0,0.0,,
Ireland,Europe & Central Asia,High income,2020-02-20,53.14,-7.6921,5009870,78661,,,0,0,0,0,0,0,0.0,0.0,0.0,0.0,0.0,0.0,0.0,0.0,0.0,0.0,0.0,0.0,0.0011,0.0002,,0.0,0.0,0.0,0.0,0.0,,
Israel,Middle East & North Africa,High income,2020-02-20,31.05,34.85,9228573,43641,529,samples tested,0,0,0,0,0,0,0.143,0.143,0.0,0.0,0.0,0.143,0.0286,0.0,0.0,0.0,0.0286,0.0057,0.0034,0.0016,,0.0,0.0,0.0,0.0,0.0,Inf,57.32
Italy,Europe & Central Asia,High income,2020-02-20,41.87,12.57,60479368,33190,,,3,2,0,3,2,1,21.71,21.71,0.571,0.429,1.0,20.71,9.11,0.829,0.286,1.11,8.0,3.05,0.443,0.0251,0.0,0.0496,0.0,0.0331,0.0331,0.0165,,
Jamaica,Latin America & Caribbean,Upper middle income,2020-02-20,18.11,-77.2975,2964600,5582,,,0,0,0,0,0,0,0.0,0.0,0.0,0.0,0.0,0.0,0.0,0.0,0.0,0.0,0.0,0.0,0.0,0.0,,0.0,0.0,0.0,0.0,0.0,,
Japan,East Asia & Pacific,High income,2020-02-20,36.2,138.25,126234579,40247,1432,people tested (incl. non-PCR),95,38,2,95,40,55,12.71,12.71,4.86,0.143,5.0,7.71,0.914,0.657,0.0,0.657,0.257,-0.0114,-0.0229,-0.008,0.05,0.753,0.0158,0.301,0.317,0.436,15.07,11.34
Jordan,Middle East & North Africa,Upper middle income,2020-02-20,31.24,36.51,10469259,4330,,,0,0,0,0,0,0,0.0,0.0,0.0,0.0,0.0,0.0,0.0,0.0,0.0,0.0,0.0,0.0,0.0,0.0,,0.0,0.0,0.0,0.0,0.0,,
Kazakhstan,Europe & Central Asia,Upper middle income,2020-02-20,48.02,66.92,18727834,9731,,,0,0,0,0,0,0,0.0,0.0,0.0,0.0,0.0,0.0,0.0,0.0,0.0,0.0,0.0,0.0,0.0,0.0,,0.0,0.0,0.0,0.0,0.0,,
Kenya,Sub-Saharan Africa,Lower middle income,2020-02-20,-0.0236,37.91,53969028,1817,,,0,0,0,0,0,0,0.0,0.0,0.0,0.0,0.0,0.0,0.0,0.0,0.0,0.0,0.0,0.0,0.0,0.0,,0.0,0.0,0.0,0.0,0.0,,
Kosovo,Europe & Central Asia,Upper middle income,2020-02-20,42.6,20.9,1799351,4418,,,0,0,0,0,0,0,0.0,0.0,0.0,0.0,0.0,0.0,0.0,0.0,0.0,0.0,0.0,0.0,0.0,0.0,,0.0,0.0,0.0,0.0,0.0,,
Kuwait,Middle East & North Africa,High income,2020-02-20,29.31,47.48,4369870,32032,,,0,0,0,0,0,0,0.0,0.0,0.0,0.0,0.0,0.0,0.314,0.0,0.0,0.0,0.314,0.246,0.048,-0.0112,,0.0,0.0,0.0,0.0,0.0,,
Kyrgyzstan,Europe & Central Asia,Lower middle income,2020-02-20,41.2,74.77,6551463,1309,,,0,0,0,0,0,0,0.0,0.0,0.0,0.0,0.0,0.0,0.0,0.0,0.0,0.0,0.0,0.0,0.0,0.0,,0.0,0.0,0.0,0.0,0.0,,
Laos,East Asia & Pacific,Lower middle income,2020-02-20,19.86,102.5,7282659,2535,,,0,0,0,0,0,0,0.0,0.0,0.0,0.0,0.0,0.0,0.0,0.0,0.0,0.0,0.0,0.0,0.0,0.0,,0.0,0.0,0.0,0.0,0.0,,
Latvia,Europe & Central Asia,High income,2020-02-20,56.88,24.6,1891436,17836,,,0,0,0,0,0,0,0.0,0.0,0.0,0.0,0.0,0.0,0.0,0.0,0.0,0.0,0.0,0.0,0.0,0.0002,,0.0,0.0,0.0,0.0,0.0,,
Lebanon,Middle East & North Africa,Upper middle income,2020-02-20,33.85,35.86,7067806,7784,,,0,0,0,0,0,0,0.143,0.143,0.0,0.0,0.0,0.143,0.0286,0.0,0.0,0.0,0.0286,0.0,0.0,0.0023,,0.0,0.0,0.0,0.0,0.0,,
Lesotho,Sub-Saharan Africa,Lower middle income,2020-02-20,-29.61,28.23,2130249,1158,,,0,0,0,0,0,0,0.0,0.0,0.0,0.0,0.0,0.0,0.0,0.0,0.0,0.0,0.0,0.0,0.0,0.0,,0.0,0.0,0.0,0.0,0.0,,
Liberia,Sub-Saharan Africa,Low income,2020-02-20,6.43,-9.4295,5082402,622,,,0,0,0,0,0,0,0.0,0.0,0.0,0.0,0.0,0.0,0.0,0.0,0.0,0.0,0.0,0.0,0.0,0.0,,0.0,0.0,0.0,0.0,0.0,,
Libya,Middle East & North Africa,Upper middle income,2020-02-20,26.34,17.23,6861810,7684,,,0,0,0,0,0,0,0.0,0.0,0.0,0.0,0.0,0.0,0.0,0.0,0.0,0.0,0.0,0.0,0.0,0.0,,0.0,0.0,0.0,0.0,0.0,,
Liechtenstein,Europe & Central Asia,High income,2020-02-20,47.14,9.55,38292,74854,,,0,0,0,0,0,0,0.0,0.0,0.0,0.0,0.0,0.0,0.0,0.0,0.0,0.0,0.0,0.0,0.0,0.0,,0.0,0.0,0.0,0.0,0.0,,
Lithuania,Europe & Central Asia,High income,2020-02-20,55.17,23.88,2753642,19455,,,0,0,0,0,0,0,0.0,0.0,0.0,0.0,0.0,0.0,0.0,0.0,0.0,0.0,0.0,0.0,0.0011,0.0002,,0.0,0.0,0.0,0.0,0.0,,
Luxembourg,Europe & Central Asia,High income,2020-02-20,49.82,6.13,631462,114705,,,0,0,0,0,0,0,0.0,0.0,0.0,0.0,0.0,0.0,0.0,0.0,0.0,0.0,0.0,0.0,0.0011,0.0002,,0.0,0.0,0.0,0.0,0.0,,
MS Zaandam,,,2020-02-20,0.0,0.0,,,,,0,0,0,0,0,0,0.0,0.0,0.0,0.0,0.0,0.0,0.0,0.0,0.0,0.0,0.0,0.0,0.0,0.0,,,,,,,,
Madagascar,Sub-Saharan Africa,Low income,2020-02-20,-18.7669,46.87,27742116,522,,,0,0,0,0,0,0,0.0,0.0,0.0,0.0,0.0,0.0,0.0,0.0,0.0,0.0,0.0,0.0,0.0,0.0,,0.0,0.0,0.0,0.0,0.0,,
Malawi,Sub-Saharan Africa,Low income,2020-02-20,-13.2543,34.3,19138955,412,,,0,0,0,0,0,0,0.0,0.0,0.0,0.0,0.0,0.0,0.0,0.0,0.0,0.0,0.0,0.0,0.0,0.0,,0.0,0.0,0.0,0.0,0.0,,
Malaysia,East Asia & Pacific,Upper middle income,2020-02-20,4.21,101.98,32492881,11415,880,people tested,22,16,0,22,16,6,0.0,0.0,0.571,0.0,0.571,-0.5714,-0.0857,-0.0571,0.0,-0.0571,-0.0286,0.0286,0.0091,0.0021,0.0,0.677,0.0,0.492,0.492,0.185,40.0,27.08
Maldives,South Asia,Upper middle income,2020-02-20,3.2,73.22,549201,10791,,,0,0,0,0,0,0,0.0,0.0,0.0,0.0,0.0,0.0,0.0,0.0,0.0,0.0,0.0,0.0,0.0,0.0,,0.0,0.0,0.0,0.0,0.0,,
Mali,Sub-Saharan Africa,Low income,2020-02-20,17.57,-3.9962,20273208,891,,,0,0,0,0,0,0,0.0,0.0,0.0,0.0,0.0,0.0,0.0,0.0,0.0,0.0,0.0,0.0,0.0,0.0,,0.0,0.0,0.0,0.0,0.0,,
Malta,Middle East & North Africa,High income,2020-02-20,35.94,14.38,509405,29416,,samples tested,0,0,0,0,0,0,0.0,0.0,0.0,0.0,0.0,0.0,0.0,0.0,0.0,0.0,0.0,0.0,0.0,0.0,,0.0,0.0,0.0,0.0,0.0,,
Mauritania,Sub-Saharan Africa,Lower middle income,2020-02-20,21.01,-10.9408,4656829,1678,,,0,0,0,0,0,0,0.0,0.0,0.0,0.0,0.0,0.0,0.0,0.0,0.0,0.0,0.0,0.0,0.0,0.0,,0.0,0.0,0.0,0.0,0.0,,
Mauritius,Sub-Saharan Africa,High income,2020-02-20,-20.3484,57.55,1270002,11204,,,0,0,0,0,0,0,0.0,0.0,0.0,0.0,0.0,0.0,0.0,0.0,0.0,0.0,0.0,0.0,0.0,0.0,,0.0,0.0,0.0,0.0,0.0,,
Mexico,Latin America & Caribbean,Upper middle income,2020-02-20,23.63,-102.5528,129296552,9863,1608,people tested,0,0,0,0,0,0,0.0,0.0,0.0,0.0,0.0,0.0,0.0,0.0,0.0,0.0,0.0,0.0,0.0046,0.0011,,0.0,0.0,0.0,0.0,0.0,Inf,12.44
Moldova,Europe & Central Asia,Lower middle income,2020-02-20,47.41,28.37,2644321,4499,,,0,0,0,0,0,0,0.0,0.0,0.0,0.0,0.0,0.0,0.0,0.0,0.0,0.0,0.0,0.0,0.0,0.0,,0.0,0.0,0.0,0.0,0.0,,
Monaco,Europe & Central Asia,High income,2020-02-20,43.73,7.42,39360,82368,,,0,0,0,0,0,0,0.0,0.0,0.0,0.0,0.0,0.0,0.0,0.0,0.0,0.0,0.0,0.0,0.0011,0.0002,,0.0,0.0,0.0,0.0,0.0,,
Mongolia,East Asia & Pacific,Lower middle income,2020-02-20,46.86,103.85,3275907,4295,,,0,0,0,0,0,0,0.0,0.0,0.0,0.0,0.0,0.0,0.0,0.0,0.0,0.0,0.0,0.0,0.0,0.0,,0.0,0.0,0.0,0.0,0.0,,
Montenegro,Europe & Central Asia,Upper middle income,2020-02-20,42.71,19.37,623055,8832,,,0,0,0,0,0,0,0.0,0.0,0.0,0.0,0.0,0.0,0.0,0.0,0.0,0.0,0.0,0.0,0.0,0.0,,0.0,0.0,0.0,0.0,0.0,,
Morocco,Middle East & North Africa,Lower middle income,2020-02-20,31.79,-7.0926,36928356,3204,,people tested,0,0,0,0,0,0,0.0,0.0,0.0,0.0,0.0,0.0,0.0,0.0,0.0,0.0,0.0,0.0,0.0,0.0002,,0.0,0.0,0.0,0.0,0.0,,
Myanmar,East Asia & Pacific,Lower middle income,2020-02-20,21.92,95.96,54461338,1408,,,0,0,0,0,0,0,0.0,0.0,0.0,0.0,0.0,0.0,0.0,0.0,0.0,0.0,0.0,0.0,0.0,0.0,,0.0,0.0,0.0,0.0,0.0,,
Namibia,Sub-Saharan Africa,Upper middle income,2020-02-20,-22.9576,18.49,2538146,4957,,,0,0,0,0,0,0,0.0,0.0,0.0,0.0,0.0,0.0,0.0,0.0,0.0,0.0,0.0,0.0,0.0,0.0,,0.0,0.0,0.0,0.0,0.0,,
Nepal,South Asia,Lower middle income,2020-02-20,28.17,84.25,28878161,1071,212,samples tested,1,1,0,1,1,0,0.0,0.0,0.0,0.0,0.0,0.0,0.0,0.0,0.0,0.0,0.0,0.0,0.0,0.0,0.0,0.0346,0.0,0.0346,0.0346,0.0,212.0,7.34
Netherlands,Europe & Central Asia,High income,2020-02-20,21.41,-52.9921,17410273,52448,,,0,0,0,0,0,0,0.0,0.0,0.0,0.0,0.0,0.0,0.0,0.0,0.0,0.0,0.0,0.0057,0.0069,0.0041,,0.0,0.0,0.0,0.0,0.0,,
New Zealand,East Asia & Pacific,High income,2020-02-20,-40.9006,174.89,4980192,42084,,,0,0,0,0,0,0,0.0,0.0,0.0,0.0,0.0,0.0,0.0,0.0,0.0,0.0,0.0,0.0,0.0011,0.0002,,0.0,0.0,0.0,0.0,0.0,,
Nicaragua,Latin America & Caribbean,Lower middle income,2020-02-20,12.87,-85.2072,6634142,1913,,,0,0,0,0,0,0,0.0,0.0,0.0,0.0,0.0,0.0,0.0,0.0,0.0,0.0,0.0,0.0,0.0,0.0,,0.0,0.0,0.0,0.0,0.0,,
Niger,Sub-Saharan Africa,Low income,2020-02-20,17.61,8.08,24212703,555,,,0,0,0,0,0,0,0.0,0.0,0.0,0.0,0.0,0.0,0.0,0.0,0.0,0.0,0.0,0.0,0.0,0.0,,0.0,0.0,0.0,0.0,0.0,,
Nigeria,Sub-Saharan Africa,Lower middle income,2020-02-20,9.08,8.68,206287339,2230,,,0,0,0,0,0,0,0.0,0.0,0.0,0.0,0.0,0.0,0.0,0.0,0.0,0.0,0.0,0.0,0.0011,0.0002,,0.0,0.0,0.0,0.0,0.0,,
North Macedonia,Europe & Central Asia,Upper middle income,2020-02-20,41.61,21.75,2086051,6093,,,0,0,0,0,0,0,0.0,0.0,0.0,0.0,0.0,0.0,0.0,0.0,0.0,0.0,0.0,0.0057,0.0011,-0.0007,,0.0,0.0,0.0,0.0,0.0,,
Norway,Europe & Central Asia,High income,2020-02-20,60.47,8.47,5397277,75420,,,0,0,0,0,0,0,0.0,0.0,0.0,0.0,0.0,0.0,0.0,0.0,0.0,0.0,0.0,0.0057,0.0171,0.0048,,0.0,0.0,0.0,0.0,0.0,,
Oman,Middle East & North Africa,High income,2020-02-20,21.51,55.92,5184983,15474,,,0,0,0,0,0,0,0.0,0.0,0.0,0.0,0.0,0.0,0.0571,0.0,0.0,0.0,0.0571,0.0229,0.0,-0.0027,,0.0,0.0,0.0,0.0,0.0,,
Pakistan,South Asia,Lower middle income,2020-02-20,30.38,69.35,221401759,1285,,,0,0,0,0,0,0,0.0,0.0,0.0,0.0,0.0,0.0,0.0571,0.0,0.0,0.0,0.0571,0.0114,0.0046,-0.0007,,0.0,0.0,0.0,0.0,0.0,,
Panama,Latin America & Caribbean,High income,2020-02-20,8.54,-80.7821,4322523,15731,,,0,0,0,0,0,0,0.0,0.0,0.0,0.0,0.0,0.0,0.0,0.0,0.0,0.0,0.0,0.0,0.0,0.0,,0.0,0.0,0.0,0.0,0.0,,
Papua New Guinea,East Asia & Pacific,Lower middle income,2020-02-20,-6.315,143.96,8965661,2845,,,0,0,0,0,0,0,0.0,0.0,0.0,0.0,0.0,0.0,0.0,0.0,0.0,0.0,0.0,0.0,0.0,0.0,,0.0,0.0,0.0,0.0,0.0,,
Paraguay,Latin America & Caribbean,Upper middle income,2020-02-20,-23.4425,-58.4438,7149293,5415,,,0,0,0,0,0,0,0.0,0.0,0.0,0.0,0.0,0.0,0.0,0.0,0.0,0.0,0.0,0.0,0.0,0.0,,0.0,0.0,0.0,0.0,0.0,,
Peru,Latin America & Caribbean,Upper middle income,2020-02-20,-9.19,-75.0152,32864731,6978,,,0,0,0,0,0,0,0.0,0.0,0.0,0.0,0.0,0.0,0.0,0.0,0.0,0.0,0.0,0.0,0.0,0.0,,0.0,0.0,0.0,0.0,0.0,,
Philippines,East Asia & Pacific,Lower middle income,2020-02-20,12.88,121.77,109991190,3485,,,3,1,1,3,2,1,0.0,0.0,0.143,0.0,0.143,-0.1429,0.0,0.0286,0.0,0.0286,-0.0286,0.0,0.0,0.0002,0.5,0.0273,0.0091,0.0091,0.0182,0.0091,,
Poland,Europe & Central Asia,High income,2020-02-20,51.92,19.15,37955789,15595,,,0,0,0,0,0,0,0.0,0.0,0.0,0.0,0.0,0.0,0.0,0.0,0.0,0.0,0.0,0.0,0.0,0.0,,0.0,0.0,0.0,0.0,0.0,,
Portugal,Europe & Central Asia,High income,2020-02-20,39.4,-8.2245,10268340,23145,,,0,0,0,0,0,0,0.0,0.0,0.0,0.0,0.0,0.0,0.0,0.0,0.0,0.0,0.0,0.0,0.0,0.0005,,0.0,0.0,0.0,0.0,0.0,,
Qatar,Middle East & North Africa,High income,2020-02-20,25.35,51.18,3075130,64782,,,0,0,0,0,0,0,0.0,0.0,0.0,0.0,0.0,0.0,0.0,0.0,0.0,0.0,0.0,0.0,0.0011,0.0007,,0.0,0.0,0.0,0.0,0.0,,
Romania,Europe & Central Asia,High income,2020-02-20,45.94,24.97,19206406,12920,,,0,0,0,0,0,0,0.0,0.0,0.0,0.0,0.0,0.0,0.0,0.0,0.0,0.0,0.0,0.0057,0.0034,-0.0002,,0.0,0.0,0.0,0.0,0.0,,
Russia,Europe & Central Asia,Upper middle income,2020-02-20,61.52,105.32,144257456,11585,,,2,2,0,2,2,0,0.0,0.0,0.0,0.0,0.0,0.0,0.0,-0.0286,0.0,-0.0286,0.0286,0.0,0.0,0.0002,0.0,0.0139,0.0,0.0139,0.0139,0.0,,
Rwanda,Sub-Saharan Africa,Low income,2020-02-20,-1.9403,29.87,12939597,802,,,0,0,0,0,0,0,0.0,0.0,0.0,0.0,0.0,0.0,0.0,0.0,0.0,0.0,0.0,0.0,0.0,0.0,,0.0,0.0,0.0,0.0,0.0,,
Saint Kitts and Nevis,Latin America & Caribbean,High income,2020-02-20,17.36,-62.783,53329,19896,,,0,0,0,0,0,0,0.0,0.0,0.0,0.0,0.0,0.0,0.0,0.0,0.0,0.0,0.0,0.0,0.0,0.0,,0.0,0.0,0.0,0.0,0.0,,
Saint Lucia,Latin America & Caribbean,Upper middle income,2020-02-20,13.91,-60.9789,184276,11611,,,0,0,0,0,0,0,0.0,0.0,0.0,0.0,0.0,0.0,0.0,0.0,0.0,0.0,0.0,0.0,0.0,0.0,,0.0,0.0,0.0,0.0,0.0,,
Saint Vincent and the Grenadines,Latin America & Caribbean,Upper middle income,2020-02-20,12.98,-61.2872,110739,7464,,,0,0,0,0,0,0,0.0,0.0,0.0,0.0,0.0,0.0,0.0,0.0,0.0,0.0,0.0,0.0,0.0,0.0,,0.0,0.0,0.0,0.0,0.0,,
San Marino,Europe & Central Asia,High income,2020-02-20,43.94,12.46,34235,36602,,,0,0,0,0,0,0,0.0,0.0,0.0,0.0,0.0,0.0,0.0,0.0,0.0,0.0,0.0,0.0057,0.0011,0.0018,,0.0,0.0,0.0,0.0,0.0,,
Sao Tome and Principe,Sub-Saharan Africa,Lower middle income,2020-02-20,0.186,6.61,219784,,,,0,0,0,0,0,0,0.0,0.0,0.0,0.0,0.0,0.0,0.0,0.0,0.0,0.0,0.0,0.0,0.0,0.0,,0.0,0.0,0.0,0.0,0.0,,
Saudi Arabia,Middle East & North Africa,High income,2020-02-20,23.89,45.08,35193121,23140,,,0,0,0,0,0,0,0.0,0.0,0.0,0.0,0.0,0.0,0.0,0.0,0.0,0.0,0.0,0.0,0.0,0.0002,,0.0,0.0,0.0,0.0,0.0,,
Senegal,Sub-Saharan Africa,Lower middle income,2020-02-20,14.5,-14.4524,16738651,1447,,,0,0,0,0,0,0,0.0,0.0,0.0,0.0,0.0,0.0,0.0,0.0,0.0,0.0,0.0,0.0,0.0,0.0002,,0.0,0.0,0.0,0.0,0.0,,
Serbia,Europe & Central Asia,Upper middle income,2020-02-20,44.02,21.01,6916136,7402,,,0,0,0,0,0,0,0.0,0.0,0.0,0.0,0.0,0.0,0.0,0.0,0.0,0.0,0.0,0.0,0.0,0.0,,0.0,0.0,0.0,0.0,0.0,,
Seychelles,Sub-Saharan Africa,High income,2020-02-20,-4.6796,55.49,98581,17402,,,0,0,0,0,0,0,0.0,0.0,0.0,0.0,0.0,0.0,0.0,0.0,0.0,0.0,0.0,0.0,0.0,0.0,,0.0,0.0,0.0,0.0,0.0,,
Sierra Leone,Sub-Saharan Africa,Low income,2020-02-20,8.46,-11.7799,8035550,504,,,0,0,0,0,0,0,0.0,0.0,0.0,0.0,0.0,0.0,0.0,0.0,0.0,0.0,0.0,0.0,0.0,0.0,,0.0,0.0,0.0,0.0,0.0,,
Singapore,East Asia & Pacific,High income,2020-02-20,1.28,103.83,5808951,65233,,,84,49,0,84,49,35,2.0,2.0,3.29,0.0,3.29,-1.2857,-0.4571,-0.0571,0.0,-0.0571,-0.4,0.0857,0.0526,-0.0059,0.0,14.46,0.0,8.44,8.44,6.03,,
Slovakia,Europe & Central Asia,High income,2020-02-20,48.67,19.7,5457535,19329,,,0,0,0,0,0,0,0.0,0.0,0.0,0.0,0.0,0.0,0.0,0.0,0.0,0.0,0.0,0.0,0.0,0.0,,0.0,0.0,0.0,0.0,0.0,,
Slovenia,Europe & Central Asia,High income,2020-02-20,46.15,15.0,2093292,25739,,,0,0,0,0,0,0,0.0,0.0,0.0,0.0,0.0,0.0,0.0,0.0,0.0,0.0,0.0,0.0,0.0,0.0,,0.0,0.0,0.0,0.0,0.0,,
Somalia,Sub-Saharan Africa,Low income,2020-02-20,5.15,46.2,15900001,,,,0,0,0,0,0,0,0.0,0.0,0.0,0.0,0.0,0.0,0.0,0.0,0.0,0.0,0.0,0.0,0.0,0.0,,0.0,0.0,0.0,0.0,0.0,,
South Africa,Sub-Saharan Africa,Upper middle income,2020-02-20,-30.5595,22.94,59377844,6001,106,people tested,0,0,0,0,0,0,0.0,0.0,0.0,0.0,0.0,0.0,0.0,0.0,0.0,0.0,0.0,0.0,0.0,0.0,,0.0,0.0,0.0,0.0,0.0,Inf,1.79
South Korea,East Asia & Pacific,High income,2020-02-20,35.91,127.77,51969149,31762,12161,people tested,104,22,1,104,23,81,81.86,81.86,8.0,0.857,8.86,73.0,24.86,4.46,0.257,4.71,20.14,4.89,0.358,-0.0837,0.0435,2.0,0.0192,0.423,0.443,1.56,116.93,234.0
South Sudan,Sub-Saharan Africa,Low income,2020-02-20,6.88,31.31,11404450,,,,0,0,0,0,0,0,0.0,0.0,0.0,0.0,0.0,0.0,0.0,0.0,0.0,0.0,0.0,0.0,0.0,0.0,,0.0,0.0,0.0,0.0,0.0,,
Spain,Europe & Central Asia,High income,2020-02-20,40.46,-3.7492,47446923,29614,,,2,1,0,2,1,1,0.0,0.0,0.143,0.0,0.143,-0.1429,0.114,0.0286,0.0,0.0286,0.0857,0.0743,0.048,0.0171,0.0,0.0422,0.0,0.0211,0.0211,0.0211,,
Sri Lanka,South Asia,Lower middle income,2020-02-20,7.87,80.77,21975096,3853,,,1,1,0,1,1,0,0.0,0.0,0.0,0.0,0.0,0.0,0.0,0.0,0.0,0.0,0.0,0.0,0.0,0.0,0.0,0.0455,0.0,0.0455,0.0455,0.0,,
Sudan,Sub-Saharan Africa,Low income,2020-02-20,12.86,30.22,43841361,442,,,0,0,0,0,0,0,0.0,0.0,0.0,0.0,0.0,0.0,0.0,0.0,0.0,0.0,0.0,0.0,0.0,0.0,,0.0,0.0,0.0,0.0,0.0,,
Suriname,Latin America & Caribbean,Upper middle income,2020-02-20,3.92,-56.0278,587853,6855,,,0,0,0,0,0,0,0.0,0.0,0.0,0.0,0.0,0.0,0.0,0.0,0.0,0.0,0.0,0.0,0.0,0.0,,0.0,0.0,0.0,0.0,0.0,,
Sweden,Europe & Central Asia,High income,2020-02-20,60.13,18.64,10365785,51610,,,1,1,0,1,1,0,0.0,0.0,0.0,0.0,0.0,0.0,0.0,0.0,0.0,0.0,0.0,0.0343,0.0126,0.0023,0.0,0.0965,0.0,0.0965,0.0965,0.0,,
Switzerland,Europe & Central Asia,High income,2020-02-20,46.82,8.23,8655059,81994,393,samples tested,0,0,0,0,0,0,0.0,0.0,0.0,0.0,0.0,0.0,0.0286,0.0,0.0,0.0,0.0286,0.0457,0.0206,0.0087,,0.0,0.0,0.0,0.0,0.0,Inf,45.41
Taiwan,,,2020-02-20,23.7,121.0,,,6113,people tested,24,15,1,24,16,8,1.14,1.14,0.714,0.0,0.714,0.429,0.0857,0.0571,-0.0286,0.0286,0.0571,-0.0229,0.0023,0.005,0.0625,,,,,,254.71,
Tajikistan,Europe & Central Asia,Low income,2020-02-20,38.86,71.28,9521881,871,,,0,0,0,0,0,0,0.0,0.0,0.0,0.0,0.0,0.0,0.0,0.0,0.0,0.0,0.0,0.0,0.0,0.0,,0.0,0.0,0.0,0.0,0.0,,
Tanzania,Sub-Saharan Africa,Lower middle income,2020-02-20,-6.369,34.89,59706016,1122,,,0,0,0,0,0,0,0.0,0.0,0.0,0.0,0.0,0.0,0.0,0.0,0.0,0.0,0.0,0.0,0.0,0.0,,0.0,0.0,0.0,0.0,0.0,,
Thailand,East Asia & Pacific,Upper middle income,2020-02-20,15.87,100.99,69995759,7808,,,35,28,0,35,28,7,0.143,0.143,0.714,0.0,0.714,-0.5714,0.0,-0.0857,0.0,-0.0857,0.0857,0.0229,0.0057,-0.0,0.0,0.5,0.0,0.4,0.4,0.1,,
Togo,Sub-Saharan Africa,Low income,2020-02-20,8.62,0.825,8295910,676,,,0,0,0,0,0,0,0.0,0.0,0.0,0.0,0.0,0.0,0.0,0.0,0.0,0.0,0.0,0.0,0.0,0.0,,0.0,0.0,0.0,0.0,0.0,,
Trinidad and Tobago,Latin America & Caribbean,High income,2020-02-20,10.69,-61.2225,1402047,17276,,,0,0,0,0,0,0,0.0,0.0,0.0,0.0,0.0,0.0,0.0,0.0,0.0,0.0,0.0,0.0,0.0,0.0,,0.0,0.0,0.0,0.0,0.0,,
Tunisia,Middle East & North Africa,Lower middle income,2020-02-20,33.89,9.54,11809860,3318,,,0,0,0,0,0,0,0.0,0.0,0.0,0.0,0.0,0.0,0.0,0.0,0.0,0.0,0.0,0.0,0.0,0.0,,0.0,0.0,0.0,0.0,0.0,,
Turkey,Europe & Central Asia,Upper middle income,2020-02-20,38.96,35.24,84655122,9042,,,0,0,0,0,0,0,0.0,0.0,0.0,0.0,0.0,0.0,0.0,0.0,0.0,0.0,0.0,0.0,0.0,0.0,,0.0,0.0,0.0,0.0,0.0,,
Uganda,Sub-Saharan Africa,Low income,2020-02-20,1.37,32.29,45754689,777,,,0,0,0,0,0,0,0.0,0.0,0.0,0.0,0.0,0.0,0.0,0.0,0.0,0.0,0.0,0.0,0.0,0.0,,0.0,0.0,0.0,0.0,0.0,,
Ukraine,Europe & Central Asia,Lower middle income,2020-02-20,48.38,31.17,44146328,3659,,,0,0,0,0,0,0,0.0,0.0,0.0,0.0,0.0,0.0,0.0,0.0,0.0,0.0,0.0,0.0,0.0,0.0,,0.0,0.0,0.0,0.0,0.0,,
United Arab Emirates,Middle East & North Africa,High income,2020-02-20,23.42,53.85,10373089,43103,,samples tested,9,7,0,9,7,2,0.571,0.571,0.286,0.0,0.286,0.286,0.0857,0.0286,0.0,0.0286,0.0571,-0.0286,-0.0046,-0.0016,0.0,0.868,0.0,0.675,0.675,0.193,,
United Kingdom,Europe & Central Asia,High income,2020-02-20,24.55,-43.9022,67280880,42300,,,22,13,0,22,13,9,1.43,1.43,0.714,0.0,0.714,0.714,0.286,0.0286,0.0,0.0286,0.257,0.0971,0.0091,0.013,0.0,0.327,0.0,0.193,0.193,0.134,,
United States,North America,High income,2020-02-20,40.0,-100.0,330863098,65281,,,13,11,0,13,11,2,0.286,0.286,0.429,0.0,0.429,-0.1429,0.0571,-0.0286,0.0,-0.0286,0.0857,0.0057,0.0046,0.008,0.0,0.0393,0.0,0.0332,0.0332,0.006,,
Uruguay,Latin America & Caribbean,High income,2020-02-20,-32.5228,-55.7658,3469374,16190,,,0,0,0,0,0,0,0.0,0.0,0.0,0.0,0.0,0.0,0.0,0.0,0.0,0.0,0.0,0.0,0.0,0.0,,0.0,0.0,0.0,0.0,0.0,,
Uzbekistan,Europe & Central Asia,Lower middle income,2020-02-20,41.38,64.59,34131524,1725,,,0,0,0,0,0,0,0.0,0.0,0.0,0.0,0.0,0.0,0.0,0.0,0.0,0.0,0.0,0.0,0.0,0.0,,0.0,0.0,0.0,0.0,0.0,,
Venezuela,Latin America & Caribbean,Upper middle income,2020-02-20,6.42,-66.5897,28763665,4842,,,0,0,0,0,0,0,0.0,0.0,0.0,0.0,0.0,0.0,0.0,0.0,0.0,0.0,0.0,0.0,0.0,0.0,,0.0,0.0,0.0,0.0,0.0,,
Vietnam,East Asia & Pacific,Lower middle income,2020-02-20,14.06,108.28,97422562,2715,,,16,12,0,16,12,4,0.0,0.0,0.429,0.0,0.429,-0.4286,0.0,-0.0286,0.0,-0.0286,0.0286,0.0114,-0.0034,-0.0011,0.0,0.164,0.0,0.123,0.123,0.0411,,
West Bank and Gaza,Middle East & North Africa,Lower middle income,2020-02-20,31.95,35.23,4803185,1476,,,0,0,0,0,0,0,0.0,0.0,0.0,0.0,0.0,0.0,0.0,0.0,0.0,0.0,0.0,0.0,0.0,0.0,,0.0,0.0,0.0,0.0,0.0,,
Western Sahara,,,2020-02-20,24.22,-12.8858,,,,,0,0,0,0,0,0,0.0,0.0,0.0,0.0,0.0,0.0,0.0,0.0,0.0,0.0,0.0,0.0,0.0,0.0,,,,,,,,
Yemen,Middle East & North Africa,Low income,2020-02-20,15.55,48.52,29964549,554,,,0,0,0,0,0,0,0.0,0.0,0.0,0.0,0.0,0.0,0.0,0.0,0.0,0.0,0.0,0.0,0.0,0.0,,0.0,0.0,0.0,0.0,0.0,,
Zambia,Sub-Saharan Africa,Lower middle income,2020-02-20,-13.1339,27.85,18375249,1291,,,0,0,0,0,0,0,0.0,0.0,0.0,0.0,0.0,0.0,0.0,0.0,0.0,0.0,0.0,0.0,0.0,0.0,,0.0,0.0,0.0,0.0,0.0,,
Zimbabwe,Sub-Saharan Africa,Lower middle income,2020-02-20,-19.0154,29.15,14807575,1464,,,0,0,0,0,0,0,0.0,0.0,0.0,0.0,0.0,0.0,0.0,0.0,0.0,0.0,0.0,0.0,0.0,0.0,,0.0,0.0,0.0,0.0,0.0,,
